team,X_m,Y_m
local,53.84678518938154,12.620580999899156
visitante,57.16253726726259,32.05287761660055
